Title,ID,Authors,Source,Journal,Database,Type,Language,Publication year,Descriptor(s),Publication Country,Fulltext URL
"Evaluación de la confianza y satisfacción del Programa Nacional de Vacunaciones en Montevideo, Uruguay, entre mayo y octubre de 2016/ Assessment of trust and satisfaction levels of the Uruguayan National Vaccination Program carried out between May-October 2016/ Avaliação da confiança e satisfação do Programa Nacional de Vacinação em Montevidéu, Uruguai, entre maio e outubro de 2016","1001259","Zunino, Carlos; Speranza, Noelia; González, Verónica; Silva, Pilar; Varela, Adriana; Giachetto, Gustavo; Picón, Teresa","Arch. pediatr. Urug;90(2): 69-77, abr. 2019. tab","Arch. pediatr. Urug","LILACS","article","es","2019","","UY","http://www.scielo.edu.uy/scielo.php?script=sci_arttext&amp;pid=S1688-12492019000200069" 
"Vaccination access in Primary Care from the user&#039;s perspective: senses and feelings about healthcare services/ Acceso a la vacunación en la Atención Primaria en la voz del usuario: sentidos y sentimientos frente a la atención/ Acesso à vacinação na Atenção Primária na voz do usuário: sentidos e sentimentos frente ao atendimento","975235","Duarte, Deborah Correia; Oliveira, Valéria Conceição de; Guimarães, Eliete Albano de Azevedo; Viegas, Selma Maria da Fonseca","Esc. Anna Nery Rev. Enferm;23(1): e20180250, 2019.","Esc. Anna Nery Rev. Enferm","LILACS","article","en","2019","","BR","http://www.scielo.br/scielo.php?script=sci_arttext&amp;pid=S1414-81452019000100203" 
"MIDAS: Aplicación informática para la identificación de microsatélites exactos e inexactos en secuencias genómicas/ MIDAS: Computer application for the identification of exact and inaccurate microsatellites in genomic sequences","1003895","Martínez Ortiz, Carlos M","Rev. cuba. inform. méd;10(2)jul.-dic. 2018. graf","Rev. cuba. inform. méd","LILACS","article","es","2018","Algoritmos; Aplicações da Informática Médica; Instabilidade de Microssatélites; Mineração de Dados/métodos","CU","http://scielo.sld.cu/scielo.php?script=sci_arttext&amp;pid=S1684-18592018000200002" 
"Estrategias y contenidos considerados más eficaces por los jóvenes para la prevención del virus del papiloma humano desde Facebook/ Young people&#039;s preferences about strategies and contents considered more effective for the human papillomavirus prevention from Facebook","978359","Cuesta Cambra, Ubaldo; Martínez Martínez, Luz; Niño González, José Ignacio","Rev. cub. inf. cienc. salud;29(3): 1-15, jul.-set. 2018. ilus, tab","Rev. cub. inf. cienc. salud","LILACS","article","es","2018","Humanos; Masculino; Feminino; Adolescente; Adulto Jovem; Multimídia; Infecções por Papillomavirus/prevenção &amp;amp; controle; Rede Social; Saúde Sexual/educação; Promoção da Saúde/métodos; Epidemiologia Descritiva","CU","http://scielo.sld.cu/scielo.php?script=sci_arttext&amp;pid=S2307-21132018000300002" 
"Tuberculosis Multidrogo resistente en la era final de la Tuberculosis/ Multidrug-Resistant Tuberculosis in the End Tuberculosis Era/ Multidrug-Resistant Tuberculosis in the End Tuberculosis Era","961859","Cegielski, J. Peter","Rev. peru. med. exp. salud publica;35(1): 110-117, ene.-mar. 2018.","Rev. peru. med. exp. salud publica","LILACS","article","es","2018","","PE","http://www.scielosp.org/scielo.php?script=sci_arttext&amp;pid=S1726-46342018000100110" 
"A dupla epidemia: febre amarela e desinformação/ Two epidemics: the yellow fever and a lack of information/ La dupla epidemia: la fiebre amarilla y la falta de información","884962","Henriques, Cláudio Maierovitch Pessanha","RECIIS (Online);12(1): 1-5, jan.-mar. 2018.","RECIIS (Online)","LILACS","article","pt","2018","Humanos; Animais; Fraude/tendências; Comunicação Persuasiva; Febre Amarela/epidemiologia; Febre Amarela/história; Brasil; Surtos de Doenças; Conhecimentos, Atitudes e Prática em Saúde; Insetos Vetores; Vacinação; Febre Amarela/tratamento farmacológico; Febre Amarela/prevenção &amp;amp; controle","BR","https://www.reciis.icict.fiocruz.br/index.php/reciis/article/view/1513" 
"Ciencia e innovación tecnológica en la salud en Cuba: resultados en problemas seleccionados/ Science and technological innovation in health in Cuba: results in selected problems/ Ciência e inovação tecnológica em saúde em Cuba: resultados em problemas selecionados","961808","Pérez, Nereida Rojo; Pérez, Carmen Valenti; Trujillo, Nelcy Martínez; Suárez, Ileana Morales; Torres, Eric Martínez; Estévez, Ileana Fleitas; Sao, Miriam Portuondo; Rojo, Yisel Torres; González, V. Gustavo Sierra","Rev. panam. salud pública;42: e32, 2018. tab, graf","Rev. panam. salud pública","LILACS","article","es","2018","Planos e Programas de Saúde/organização &amp;amp; administração; Pesquisa Biomédica/organização &amp;amp; administração; Gestão de Ciência, Tecnologia e Inovação em Saúde; Política Nacional de Ciência, Tecnologia e Inovação; Projetos de Pesquisa; Cuba","US","http://www.scielosp.org/scielo.php?script=sci_arttext&amp;pid=S1020-49892018000100508" 
"Yellow fever outbreak in Brazil: the puzzle of rapid viral spread and challenges for immunisation","955108","Possas, Cristina; Lourenço-de-Oliveira, Ricardo; Tauil, Pedro Luiz; Pinheiro, Francisco de Paula; Pissinatti, Alcides; Cunha, Rivaldo Venâncio da; Freire, Marcos; Martins, Reinaldo Menezes; Homma, Akira","Mem. Inst. Oswaldo Cruz;113(10): e180278, 2018. graf","Mem. Inst. Oswaldo Cruz","LILACS","article","en","2018","Humanos; Febre Amarela/diagnóstico; Febre Amarela/terapia; Febre Amarela/transmissão; Imunização/métodos; Aedes","BR","http://www.scielo.br/scielo.php?script=sci_arttext&amp;pid=S0074-02762018001000200" 
"ESTRATEGIAS LATINOAMERICANAS PARA LA VACUNACIÓN CONTRA EL VIRUS DEL PAPILOMA HUMANO ­ UNA REVISIÓN TEMÁTICA/ LATIN AMERICAN STRATEGIES FOR VACCINATION AGAINST HUMAN PAPILLOMAVIRUS INFECTION - A THEMATIC REVIEW/ ESTRATEGIAS LATINOAMERICANAS PARA A VACINAÇÃO CONTRA O VIRUS DO PAPILOMA HUMANO ­ UMA REVISÃO TEMÁTICA","881529","Salazar Fajardo, Lida Janneth; Benavides Delgado, Mónica Rocío; Boogaard, Sabine; Marín, Yolanda","Hacia promoc. salud;22(2): [129]-[143], 09 de noviembre de 2017.","Hacia promoc. salud","LILACS","article","es","2017","","CO","http://200.21.104.25/promocionsalud/downloads/Revista22(2)_10.pdf" 
"Diarrea aguda, prolongada y persistente en niños y su diferencia de la diarrea crónica/ Acute, prolonged and persistent diarrhea in children and its difference with chronic diarrhea","995146","González Corona, Enrique Antonio","Medisan;21(9)set. 2017.","Medisan","LILACS","article","es","2017","Humanos; Masculino; Feminino; Lactente; Pré-Escolar; Criança; Rotavirus; Diarreia/história; Diarreia Infantil/epidemiologia; Saúde da Criança; Comunicação; Hospitais Pediátricos","CU","http://scielo.sld.cu/scielo.php?script=sci_arttext&amp;pid=S1029-30192017000900012&amp;lng=es&amp;nrm=iso&amp;tlng=es" 
"Progress towards a comprehensive approach to maternal and neonatal immunization in the Americas/ Progreso hacia un método integral de inmunización materna y neonatal en la Región de las Américas/ Avanços rumo a um enfoque amplo de imunização materna e neonatal nas Américas","961688","Alvarez, Alba Maria Ropero; Jauregui, Barbara; Omeiri, Nathalie El","Rev. panam. salud pública;41: e159, 2017. tab, graf","Rev. panam. salud pública","LILACS","article","en","2017","Cuidado Pré-Natal; Programas de Imunização; Imunidade Ativa; Imunidade Materno-Adquirida; Américas","US","http://www.scielosp.org/scielo.php?script=sci_arttext&amp;pid=S1020-49892017000100705" 
"Experiencia educativa para estudiantes de medicina de la Universidad de Buenos Aires (UBA) en la evaluación del Calendario Nacional de Vacunación de niños que concurrieron a Hospitales de la Ciudad Autónoma de Buenos Aires (CABA)/ Educational experience for medical students at the University of Buenos Aires (UBA) in the evaluation of the National Vaccination Calendar of children who attended hospitals of the Autonomous City of Buenos Aires (CABA)","869931","Ruvinsky, Raúl O; Dalamón, Ricardo; Balanzat, Ana; Eymann, Alfredo; Cattaino, Adriana; Abudara, Graciela; Di Coste, Selva; Falke, Germán; Aranda, Osvaldo; Wahren, Carlos; Marciano, Gabriel; Bruno, Miriam; Slavsky, Anahi","Rev. pediatr. electrón;13(2): 2-9, ago. 2016. tab","Rev. pediatr. electrón","LILACS","article","es","2016","Humanos; Masculino; Recém-Nascido; Lactente; Pré-Escolar; Adulto; Educação Médica; Programas de Imunização; Avaliação de Programas e Projetos de Saúde; Estudantes de Medicina; Argentina; Coleta de Dados; Análise Multivariada; Estudo Observacional; Estudos Prospectivos","CL","http://www.revistapediatria.cl/vol13num2/pdf/2_EXPERIENCIA_EDUCATIVA.pdf" 
"Registro audiovisual da omissão do estado brasileiro nas políticas públicas de saúde segundo depoimento de lideranças indígenas/ Audio-visual record of the omission of the Brazilian State in public policies of health according to testimony from indigenous leaders","868249","Baptista, Valdir","São Paulo; s.n; 2016. 182 p. ","","LILACS","thesis","pt","2016","Saúde de Populações Indígenas; Vulnerabilidade em Saúde; Morbidade; Política Pública; Vulnerabilidade Social; Sistema Único de Saúde; Agentes Comunitários de Saúde; Participação da Comunidade; Assistência à Saúde; Documentários Cinematográficos; Jornalismo; Grupos Populacionais","BR","http://www.teses.usp.br/teses/disponiveis/6/6136/tde-05122016-142523/" 
"Epidemia midiática de febre amarela: desdobramentos e aprendizados de uma crise de comunicação na saúde pública brasileira/ Epidemic media of yellow fever consequentes and lessons of a communication crisis in the Brazilian public health","871057","Malinverni, Claudia","São Paulo; s.n; 2016. 186 p. ","","LILACS","thesis","pt","2016","Comunicação em Saúde; Jornalismo; Meios de Comunicação de Massa; Febre Amarela; Comunicação; Saúde; Saúde Pública; Pesquisa Qualitativa","BR","http://www.teses.usp.br/teses/disponiveis/6/6136/tde-17082016-143250/publico/ClaudiaMalinverniREVISADA.pdf" 
"Prevalência e notificações de acidentes de trabalho com exposição a material biológico na odontologia/ Prevalence and work accident notification with exposure to biological material in Dentistry","849091","Nogueira, Sumaia Austregésilo; Carvalho, Bruna Katherine Guimarães; Medeiros, Andressa da Rocha; Carneiro, Shênia Eliane do Rego; Souza, Georgia Costa de Araújo","Rev. Ciênc. Plur;2(1): 102-119, 2016.  tab, graf","Rev. Ciênc. Plur","LILACS","article","pt","2016","Humanos; Masculino; Feminino; Adulto; Pessoa de Meia-Idade; Acidentes de Trabalho/prevenção &amp;amp; controle; Odontólogos; Auxiliares de Prótese Dentária; /prevenção &amp;amp; controle; Notificação de Acidentes de Trabalho; Saúde do Trabalhador/normas; Saúde Bucal; Distribuição por Idade e Sexo; Brasil; Estudos Transversais/métodos; Epidemiologia Descritiva; Qualidade de Vida/psicologia; Inquéritos e Questionários/estatística &amp;amp; dados numéricos","BR","https://periodicos.ufrn.br/rcp/article/view/10040/7137" 
"HPV vaccines: a controversial issue?","778342","Nicol, A F; Andrade, C V; Russomano, F B; Rodrigues, L L S; Oliveira, N S; Provance Junior, D W","Braz. j. med. biol. res;49(5): e5060, 2016.","Braz. j. med. biol. res","LILACS","article","en","2016","Humanos; Masculino; Feminino; Infecções por Papillomavirus/prevenção &amp;amp; controle; Vacinas contra Papillomavirus/administração &amp;amp; dosagem; Vacinação; Vacinas contra Papillomavirus/efeitos adversos; Vacinação/efeitos adversos","BR","http://www.scielo.br/scielo.php?script=sci_arttext&amp;pid=S0100-879X2016000500301" 
"O retrato da epidemia de meningite em 1971 e 1974 nos jornais O Globo e Folha de S. Paulo/ The picture of meningitis epidemic in 1971 and 1974 in the newspapers O Globo and Folha de S. Paulo/ El retrato de la epidemia de meningitis en 1971 y 1974 en los periódicos O Globo y Folha de S. Paulo","784683","Schneider, Catarina Menezes; Tavares, Michele; Musse, Christina","RECIIS (Online);9(4): 1-13, out.-dez.2015. ilus, graf","RECIIS (Online)","LILACS","article","pt","2015","Humanos; História do Século XX; Epidemias; Informação/prevenção &amp;amp; controle; Jornais como Assunto; Meios de Comunicação de Massa; Meningite/diagnóstico; Meningite/epidemiologia; Meningite/história; Brasil/epidemiologia; Comunicação em Saúde; Programas de Imunização; Incidência","BR","http://www.reciis.icict.fiocruz.br/index.php/reciis/article/view/995" 
"O retrato da epidemia de meningite em 1971 e 1974 nos jornais O Globo e Folha de S. Paulo/ The picture of meningitis epidemic in 1971 and 1974 in the newspapers O Globo and Folha de S. Paulo/ /El retrato de la epidemia de meningitis en 1971 y 1974 en los periódicos O Globo y Folha de S. Paulo","786323","Schneider, Catarina Menezes; Tavares, Michele; Musse, Christina","RECIIS (Online);9(4): 1-13, out.-dez.2015. ilus, graf","RECIIS (Online)","LILACS","article","pt","2015","Humanos; História do Século XX; Epidemias; Informação/prevenção &amp;amp; controle; Jornais como Assunto; Meios de Comunicação de Massa; Meningite/diagnóstico; Meningite/epidemiologia; Meningite/história; Brasil/epidemiologia; Comunicação em Saúde; Programas de Imunização; Incidência","BR","http://www.reciis.icict.fiocruz.br/index.php/reciis/article/view/995" 
"Avaliação dos atributos da Atenção Primária àSaúde num município do interior do Estado deSão Paulo  Brasil/ Evaluation of the Primary Healthcare attributes in a municipality located inthe countryside of São Paulo State  Brazil","972923","Fracolli, Lislaine Aparecida; Muramatsu, Marianne Junko; Gomes, Maria Fernanda Pereira; Nabão, Fabiana Rodrigues Zequini","Mundo saúde (Impr.);39(1): [54-61], jun. 02, 2015. tab","Mundo saúde (Impr.)","LILACS","article","pt","2015","Masculino; Feminino; Humanos; Criança; Atenção Primária à Saúde; Serviços de Saúde da Criança; Avaliação em Saúde; Criança; Serviços de Saúde; Integralidade em Saúde","BR","http://bvsms.saude.gov.br/bvs/periodicos/mundo_saude_artigos/Avalia%C3%A7%C3%A3o_atributos_Aten%C3%A7%C3%A3o_Prim%C3%A1ria.pdf" 
"Annual national direct and indirect cost estimates of the prevention and treatment of cervical cancer in Brazil","747117","Novaes, Hillegonda Maria Dutilh; Itria, Alexander; Silva, Gulnar Azevedo e; Sartori, Ana Marli Christovam; Rama, Cristina Helena; Soárez, Patrícia Coelho de","Clinics;70(4): 289-295, 04/2015. tab, graf","Clinics","LILACS","article","en","2015","Adulto; Idoso; Feminino; Humanos; Masculino; Pessoa de Meia-Idade; Integração Comunitária; Relações Interpessoais; Laringectomia/psicologia; Laringectomia/reabilitação; Complicações Pós-Operatórias/psicologia; Complicações Pós-Operatórias/reabilitação; Avaliação da Deficiência; Alemanha; Estudos Longitudinais; Qualidade de Vida/psicologia; Ajustamento Social; Participação Social; Apoio Social; Seguridade Social; Inteligibilidade da Fala; Inquéritos e Questionários","BR","http://www.scielo.br/scielo.php?script=sci_arttext&amp;pid=S1807-59322015000400289" 
"A sociedade de risco midiatizada, o movimento antivacinação e o risco do autismo/ The media-driven risk society, the anti-vaccination movement and risk of autismo","742212","Vasconcellos-Silva, Paulo Roberto; Castiel, Luis David; Griep, Rosane Härter","Ciênc. saúde coletiva;20(2): 607-616, 02/2015.","Ciênc. saúde coletiva","LILACS","article","pt","2015","Humanos; Criança; Movimento contra Vacinação; Transtorno Autístico; Meios de Comunicação de Massa; Transtorno Autístico/etiologia; Risco; Fatores Sociológicos","","http://www.scielosp.org/scielo.php?script=sci_arttext&amp;pid=S1413-81232015000200607" 
"Mahalanobis&#039; distance and propensity score to construct a controlled matched group in a Brazilian study of health promotion and social determinants/ Distância de Mahalanobis e escore de propensão para seleção de amostra pareada de controle em um estudo Brasileiro de promoção da saúde e determinantes sociais","733198","Baltar, Valéria Troncoso; Sousa, Clóvis Arlindo de; Westphal, Marcia Faria","Rev. bras. epidemiol;17(3): 668-679, Jul-Sep/2014. tab","Rev. bras. epidemiol","LILACS","article","en","2014","Humanos; Promoção da Saúde; Pontuação de Propensão; Determinantes Sociais da Saúde; Brasil; Projetos de Pesquisa","BR","http://www.scielosp.org/scielo.php?script=sci_arttext&amp;pid=S1415-790X2014000400668" 
"Electronic immunization registries in Latin America: progress and lessons learned/ Registros electrónicos de vacunación en América Latina: avances y enseñanzas","721532","Danovaro-Holliday, M. Carolina; Ortiz, Claudia; Cochi, Shea; Ruiz-Matus, Cuauhtémoc","Rev. panam. salud pública;35(5/6): 453-457, may.-jun. 2014. mapas, tab","Rev. panam. salud pública","LILACS","article","en","2014","Humanos; Registros Eletrônicos de Saúde; Imunização; Registros Eletrônicos de Saúde/organização &amp;amp; administração; América Latina","US","http://www.scielosp.org/pdf/rpsp/v35n5-6/23.pdf" 
"Informações dos cartões de gestantes e dos prontuários da atenção básica sobre assistência pré-natal/ Pregnant Cards information and medical records of primary care on prenatal care","716359","Polgliani, Rúbia Bastos Soares; Santos Neto, Edson Theodoro dos; Zandonade, Eliana","Rev. bras. ginecol. obstet;36(6): 269-275, 06/2014. tab","Rev. bras. ginecol. obstet","LILACS","article","pt","2014","Feminino; Humanos; Gravidez; Registros Médicos/normas; Cuidado Pré-Natal; Atenção Primária à Saúde","BR","http://www.scielo.br/scielo.php?script=sci_arttext&amp;pid=S0100-72032014000600269" 
"Exposición a agentes de riesgo biológico en trabajadores chilenos: Reporte del Centro de Información Toxicológica de la Pontificia Universidad Católica de Chile (CITUC)/ Exposure to occupational biological risks: Experience of a toxicology information center","716216","Cerda, Patricia; Cortés, Sandra; Bettini, Marli; Mieres, Juan José; Paris, Enrique; Ríos, Juan Carlos","Rev. méd. Chile;142(4): 443-450, abr. 2014. tab","Rev. méd. Chile","LILACS","article","es","2014","Adolescente; Adulto; Idoso; Feminino; Humanos; Masculino; Pessoa de Meia-Idade; Adulto Jovem; Fatores Biológicos/toxicidade; Exposição Ocupacional/estatística &amp;amp; dados numéricos; Chile/epidemiologia; Exposição Ocupacional/classificação; Fatores de Risco; Estações do Ano; Venenos de Serpentes/envenenamento","CL","http://www.scielo.cl/scielo.php?script=sci_arttext&amp;pid=S0034-98872014000400005" 
"Conhecimento de mães sobre o calendário de vacinação e fatores que levam ao atraso vacinal infantil/ Conocimiento de madres sobre el calendario de vacunación y factores que resultan en retraso vacunal infantil/ Mothers&#039; knowledge regarding the vaccination program and factors which lead to delays in infant vaccination","725212","Andrade, Deyse Rodrigues de Souza; Lorenzini, Elisiane; Silva, Eveline Franco da","Cogitare enferm;19(1): 94-100, jan.-mar. 2014.","Cogitare enferm","LILACS","article","pt","2014","Criança; Saúde da Criança; Imunização; Esquemas de Imunização; Atenção Primária à Saúde","BR","http://www.revenf.bvs.br/scielo.php?script=sci_arttext&amp;pid=S1414-85362014000100014" 
"Actividades promocionales y preventivas en las gestantes que realizan las enfermeras en Microred Los Sureños, Puente Piedra-2013/ Promotional and preventive activities in pregnant that perform the nurses of Microred Los Sureños, Puente Piedra-2013","724529","Seminario Lojas, Zully Ivonne","Lima; s.n; 2013. 63 p. ilus, tab, graf.","","LILACS","thesis","es","2013","Humanos; Masculino; Adulto; Feminino; Adulto Jovem; Pessoa de Meia-Idade; Complicações na Gravidez/prevenção &amp;amp; controle; Comunicação em Saúde; Promoção da Saúde; Serviços Preventivos de Saúde; Saúde Sexual e Reprodutiva; Estudos Transversais; Análise Quantitativa","PE","" 
"Ações de autocuidado em portadores de insuficiência cardíaca/ Self-care actions in patients with heart failure","702545","Nascimento, Heloisa Ribeiro do","Acta paul. enferm;26(6): 601-607, 2013. tab","Acta paul. enferm","LILACS","article","pt","2013","Humanos; Masculino; Feminino; Adolescente; Pessoa de Meia-Idade; Adulto Jovem; Serviços Médicos de Emergência; Insuficiência Cardíaca/diagnóstico; Cuidados de Enfermagem; Ambulatório Hospitalar; Educação de Pacientes como Assunto; Autocuidado; Estudos Transversais","BR","http://www.scielo.br/scielo.php?script=sci_arttext&amp;pid=S0103-21002013000600015&amp;lng=en&amp;nrm=iso&amp;tlng=en" 
"Análise do controle dos contatos intradomiciliares de pessoas atingidas pela hanseníase no Brasil e no estado de São Paulo de 1991 a 2012/ Analysis of control household contacts of people affected by leprosy in Brazil and the state of São Paulo de 1991 a 2012","789354","Pinto Neto, José Martins; Carvalho, Haroldo Teófilo de; Cunha, Leonardo Elias Silveira da; Cassenote, Alex Jones Flores; Lozano, André Wilian; Martins, Ana Paula de Sousa","Hansen. int;38(1/2): 68-78, 2013.","Hansen. int","LILACS","article","pt","2013","Humanos; Busca de Comunicante; Hanseníase/epidemiologia; Brasil/epidemiologia; Notificação de Doenças; Serviços de Vigilância Epidemiológica; Hanseníase/prevenção &amp;amp; controle; Doenças Negligenciadas","BR","http://www.ilsl.br/revista/download.php?id=imageBank/v38n1-2a09.pdf" 
"Acidente ocupacional por material perfurocortante entre acadêmicos de odontologia/ Occupational accidents with sharp devices among dental undergraduate students","641486","Miotto, Maria Helena Monteiro de Barros; Rocha, Raquel Morais","Rev. bras. promoç. saúde (Impr.);25(1)mar. 2012. tab","Rev. bras. promoç. saúde (Impr.)","LILACS","article","pt","2012","Acidentes de Trabalho; Notificação de Acidentes de Trabalho; Equipamentos de Proteção; Estudantes de Odontologia","BR","http://www.unifor.br/images/pdfs/rbps/artigo13_2012.1.pdf" 
"Epidemia midiática: produção de sentidos e configuração social da febre amarela na cobertura jornalística, 2007-2008/ Media epidemics: sense production and social configuration of yellow fever in the journalistic coverage, 2007-2008","654404","Malinverni, Cláudia; Cuenca, Angela Maria Belloni; Brigagão, Jacqueline Isaac Machado","Physis (Rio J.);22(3): 853-872, 2012. graf","Physis (Rio J.)","LILACS","article","pt","2012","Humanos; Febre Amarela/epidemiologia; Febre Amarela/prevenção &amp;amp; controle; Comunicação em Saúde; Saúde Pública; Jornalismo Científico; Vacinação/efeitos adversos; Vacinação","BR","http://www.scielo.br/scielo.php?script=sci_arttext&amp;pid=S0103-73312012000300002" 
"Cobertura de vacunación y su impacto en lactantes con la incorporación de Barrio Adentro en Sanare/ Vaccination coverage and its impact on infants with Barrio Adentro inclusion in Sanare","616423","Molinet Carreras, Ansberto; Roberto Hing León, Joaquín","Medisan;15(12)dic. 2011. tab","Medisan","LILACS","article","es","2011","Humanos; Masculino; Feminino; Lactente; Avaliação em Saúde; Cobertura Vacinal; Atenção Primária à Saúde; Vacinação; Estudos Transversais; Epidemiologia Descritiva","CU","http://scielo.sld.cu/scielo.php?script=sci_arttext&amp;pid=S1029-30192011001200008&amp;lng=es&amp;nrm=iso&amp;tlng=es" 
"Comunicação sazonal sobre a dengue em grupos socioeducativos na atenção primária à saúde/ Seasonal communication about dengue fever in educational groups in primary healthcare/ Comunicación estacional sobre el dengue en grupos socioeducativos en la atención primaria de la salud","606873","Silva, Líliam Barbosa; Soares, Sônia Maria; Fernandes, Maria Teresinha de Oliveira; Aquino, Ana Luiza de","Rev. saúde pública;45(6): 1160-1167, dez. 2011.","Rev. saúde pública","LILACS","article","pt","2011","Feminino; Humanos; Masculino; Pessoa de Meia-Idade; Comunicação; Participação da Comunidade/estatística &amp;amp; dados numéricos; Dengue/prevenção &amp;amp; controle; Estratégia Saúde da Família; Medicina de Família e Comunidade; Educação em Saúde/estatística &amp;amp; dados numéricos; Atenção Primária à Saúde/estatística &amp;amp; dados numéricos; Brasil; Informação de Saúde ao Consumidor; Medicina de Família e Comunidade/educação; Conhecimentos, Atitudes e Prática em Saúde; Disseminação de Informação; Relações Interpessoais; Pesquisa Qualitativa; Fatores de Tempo","BR","http://www.scielo.br/scielo.php?script=sci_arttext&amp;pid=S0034-89102011000600019" 
"Survey of rubella knowledge and acceptability of rubella vaccination among Brazilian adults prior to mass vaccination/ Encuesta sobre el conocimiento de la rubéola y la aceptabilidad de la vacunación antirrubeólica en los adultos brasileños antes de una campaña de vacunación masiva","606847","Vieira, Juliana Costa; Carvalho, Marlene Tavares Barros de; Checchia, Ricardo L; Trombiere, Marcier; Flannery, Brendan","Rev. panam. salud pública;30(4): 335-341, oct. 2011. ilus, tab","Rev. panam. salud pública","LILACS","article","en","2011","Adolescente; Adulto; Idoso; Feminino; Humanos; Masculino; Pessoa de Meia-Idade; Adulto Jovem; Comportamentos Relacionados com a Saúde; Educação em Saúde; Conhecimentos, Atitudes e Prática em Saúde; Vacinação em Massa; Vacina contra Rubéola; Síndrome da Rubéola Congênita/prevenção &amp;amp; controle; Brasil; Comunicação; Pesquisas sobre Serviços de Saúde; Promoção da Saúde; Programas de Imunização; Vacinação em Massa/estatística &amp;amp; dados numéricos; Pesquisa Qualitativa; Síndrome da Rubéola Congênita/epidemiologia; Autorrelato; Marketing Social","US","http://www.scielosp.org/scielo.php?script=sci_arttext&amp;pid=S1020-49892011001000007" 
"Diseño mixto de evaluación de la iniciativa Salud Mesoamérica 2015/ Mixed design for the evaluation of the Mesoamerica Health 2015 initiative","625718","Gutiérrez, Juan Pablo; Téllez-Rojo, Marta María; Torres, Pilar; Romero, Martín; Bertozzi, Stefano M","Salud pública Méx;53(supl.3): s386-s395, 2011. ilus","Salud pública Méx","LILACS","article","es","2011","Animais; Criança; Feminino; Humanos; Recém-Nascido; Gravidez; Promoção da Saúde/organização &amp;amp; administração; Pesquisa sobre Serviços de Saúde/métodos; Saúde Pública; América Central; Análise Custo-Benefício; Serviços de Saúde da Criança/economia; Serviços de Saúde da Criança/organização &amp;amp; administração; Serviços de Saúde da Criança/estatística &amp;amp; dados numéricos; Países em Desenvolvimento; Dengue/prevenção &amp;amp; controle; Metas; Promoção da Saúde/economia; Cooperação Internacional; Programas de Imunização/economia; Programas de Imunização/organização &amp;amp; administração; Programas de Imunização/estatística &amp;amp; dados numéricos; México; Malária/prevenção &amp;amp; controle; Desnutrição/prevenção &amp;amp; controle; Serviços de Saúde Materna/economia; Serviços de Saúde Materna/organização &amp;amp; administração; Serviços de Saúde Materna/estatística &amp;amp; dados numéricos; Controle de Mosquitos/economia; Controle de Mosquitos/organização &amp;amp; administração; Controle de Mosquitos/estatística &amp;amp; dados numéricos; Serviços Preventivos de Saúde/economia; Serviços Preventivos de Saúde/organização &amp;amp; administração; Serviços Preventivos de Saúde/estatística &amp;amp; dados numéricos; Avaliação de Programas e Projetos de Saúde/métodos; Projetos de Pesquisa; Serviços de Saúde Reprodutiva/economia; Serviços de Saúde Reprodutiva/organização &amp;amp; administração; Serviços de Saúde Reprodutiva/estatística &amp;amp; dados numéricos","MX","http://www.scielosp.org/scielo.php?script=sci_arttext&amp;pid=S0036-36342011000900012" 
"Estrategias para la reducción de la brecha del conocimiento a la acción en Argentina: la prevención y tratamiento de la influenza A (H1N1) en embarazadas como caso de análisis/ Knowledge to action gap reduction strategies in Argentina: influenza A (H1N1) prevention and treatment in pregnant women as a case of analysis","606178","Esandi, María Eugenia; De Luca, Mario; Chapman, Evelina; García Dieguez, Marcelo; Carbonelli, Natacha; Ortiz, Zulma","Bol. Acad. Nac. Med. B.Aires;88(1): 97-107, ene.-jun. 2010. graf","Bol. Acad. Nac. Med. B.Aires","LILACS","article","es","2010","Humanos; Feminino; Gravidez; Influenza Humana/epidemiologia; Influenza Humana/prevenção &amp;amp; controle; Influenza Humana/terapia; Vírus da Influenza A Subtipo H1N1; Oseltamivir/farmacologia; Pandemias; Complicações Infecciosas na Gravidez; Vacinas contra Influenza/uso terapêutico; Zanamivir/farmacologia","AR","" 
"Simulación del nivel de eliminación de sarampión y rubéola según la estratificación e interacción social/ Simulating measles and rubella elimination levels according to social stratification and interaction","552323","Hincapié-Palacio, Doracelly; Ospina-Giraldo, Juan; Gómez-Arias, Rubén D; Uyi-Afuwape, Anthony; Chowell-Puente, Gerardo","Rev. salud pública;12(1): 103-115, feb. 2010. ilus, tab","Rev. salud pública","LILACS","article","es","2010","Humanos; Simulação por Computador; Renda; Relações Interpessoais; Modelos Teóricos; Sarampo/prevenção &amp;amp; controle; Rubéola (Sarampo Alemão)/prevenção &amp;amp; controle; Espaços Confinados; Diversidade Cultural; Região do Caribe/epidemiologia; Busca de Comunicante/estatística &amp;amp; dados numéricos; Renda/estatística &amp;amp; dados numéricos; América Latina/epidemiologia; Vacina contra Sarampo; Sarampo/epidemiologia; Sarampo/transmissão; Características de Residência; Vacina contra Rubéola; Rubéola (Sarampo Alemão)/epidemiologia; Rubéola (Sarampo Alemão)/transmissão; Fatores Socioeconômicos; Populações Vulneráveis; Vacinação/estatística &amp;amp; dados numéricos","CO","http://www.scielosp.org/scielo.php?script=sci_arttext&amp;pid=S0124-00642010000100010" 
"Evaluación rápida de coberturas vacunales en Bogotá, 2006/ A rapid evaluation of vaccination coverage in Bogotá, 2006","523816","Morón-Duarte, Lina; Espitia, María T","Rev. salud pública;11(2): 237-246, mar.-abr. 2009. tab","Rev. salud pública","LILACS","article","es","2009","Humanos; Lactente; Recém-Nascido; Vacinação/estatística &amp;amp; dados numéricos; Colômbia; Estudos Retrospectivos; Fatores de Tempo; Saúde da População Urbana","CO","http://www.scielosp.org/scielo.php?script=sci_arttext&amp;pid=S0124-00642009000200008" 
"Reasons for resubmission of research projects to the research ethics committee of a University Hospital in São Paulo, Brazil","526321","Bueno, Mariana; Brevidelli, Maria Meimei; Cocarelli, Thaís; Santos, Gianni Mara Silva dos; Ferraz, Maria Auxiliadora; Mion Júnior, Décio","Clinics;64(9): 831-836, 2009. tab","Clinics","LILACS","article","en","2009","Animais; Humanos; Pesquisa Biomédica/normas; Termos de Consentimento/normas; Comitês de Ética em Pesquisa/estatística &amp;amp; dados numéricos; Projetos de Pesquisa/normas; Brasil; Pesquisa Biomédica; Pesquisa Biomédica/estatística &amp;amp; dados numéricos; Estudos Transversais; Termos de Consentimento; Termos de Consentimento/estatística &amp;amp; dados numéricos; Hospitais Universitários; Projetos de Pesquisa/estatística &amp;amp; dados numéricos","BR","http://www.scielo.br/scielo.php?script=sci_arttext&amp;pid=S1807-59322009000900002" 
"Clinical research on new drugs (Phase I): profile of scientific publications: data from the pre-clinical phase and bioethical aspects/ Pesquisa clínica com novos fármacos (Fase I): perfil das publicações científicas: dados da fase pré-clínica e aspectos bioéticos","496756","Brick, Vanessa de Souza; Hossne, William Saad; Hossne, Rogério Saad","Acta cir. bras;23(6): 531-535, Nov.-Dec. 2008. graf, tab","Acta cir. bras","LILACS","article","en","2008","Animais; Humanos; Pesquisa Biomédica; Ensaios Clínicos Fase I como Assunto; Avaliação Pré-Clínica de Medicamentos; Preparações Farmacêuticas; Brasil; Ensaios Clínicos Fase I como Assunto/legislação &amp;amp; jurisprudência; Modelos Animais de Doenças; Preparações Farmacêuticas/efeitos adversos; Projetos de Pesquisa; Pesquisadores; Estados Unidos","BR","http://www.scielo.br/scielo.php?script=sci_arttext&amp;pid=S0102-86502008000600010" 
"Evaluación de cobertura y del nivel de información en la campaña de vacunación contra la fiebre amarilla, Cusco,Perú, 2005/ Evaluation of Coverage and Knowledge Levels during a Vaccination Campaign against Yellow Fever, Cusco-Perú, 2005","506771","Grajeda Ancca, Pablo F; Rojas Pariona, Carmen R; Farfán Ríos, Henry; Huamán Condori, Karina; Quispe Sanchez, Oscar; Huaranca Delgado, Marco","Acta méd. peru;25(2): 63-67, abr.-jun. 2008. tab","Acta méd. peru","LILACS","article","es","2008","Humanos; Masculino; Feminino; Febre Amarela/imunologia; Vacinação em Massa; Vacinação; Epidemiologia Descritiva; Estudos Prospectivos","PE","http://www.scielo.org.pe/pdf/amp/v25n2/a03v25n2.pdf" 
"Factors affecting compliance with the measles vaccination schedule in a Brazilian city/ Fatores que afetam a adesão ao calendário de vacinação contra o sarampo numa cidade brasileira","489016","Logullo, Patricia; Carvalho, Heráclito Barbosa de; Saconi, Renata; Massad, Eduardo","Säo Paulo med. j;126(3): 166-171, May 2008. tab","Säo Paulo med. j","LILACS","article","en","2008","Humanos; Lactente; Recém-Nascido; Esquemas de Imunização; Vacina contra Sarampo/administração &amp;amp; dosagem; Sarampo/prevenção &amp;amp; controle; Adesão à Medicação/estatística &amp;amp; dados numéricos; Vacinação; Brasil; Estudos de Casos e Controles; Comunicação; Programas de Imunização; Recusa de Participação/psicologia; População Urbana","BR","http://www.scielo.br/scielo.php?script=sci_arttext&amp;pid=S1516-31802008000300006" 
"Pseudoangiomatosis eruptiva: comunicación de cinco casos familiares recidivantes y revisión de la literatura/ Eruptive Pseudoangiomatosis: communication recurrent five familial cases and review of the literature","606426","Larralde, Margarita; Abad, María Eugenia; Gomar, Begoña; Schroh, Roberto","Dermatol. pediatr. latinoam. (Impr.);6(1): 16-21, ene.-abr. 2008. ilus","Dermatol. pediatr. latinoam. (Impr.)","LILACS","article","es","2008","Humanos; Masculino; Adolescente; Feminino; Criança; Angiomatose; Exantema","AR","" 
"Red Regional de Laboratorios para la Vigilancia de las Infecciones Fúngicas Invasoras y Susceptibilidad a los Antifúngicos/ Regional Laboratory Network for Surveillance of Invasive Fungal Infections and Antifungal Susceptibility in Latin America","478921","Cuenca-Estrella, Manuel; Rodríguez-Tudela, Juan L; Córdoba, Susana; Melhem, Marcia C; Szeszs, María W; Castañeda, Elizabeth; Martínez, Gerardo; Gabastou, Jean-Marc","Rev. panam. salud pública;23(2): 129-134, feb. 2008. tab","Rev. panam. salud pública","LILACS","article","es","2008","Humanos; Sistemas de Informação em Laboratório Clínico; Micoses/tratamento farmacológico; Micoses/epidemiologia; Vigilância da População; Antifúngicos/uso terapêutico; Sistemas de Informação em Laboratório Clínico/organização &amp;amp; administração; Farmacorresistência Fúngica; América Latina","US","http://www.scielosp.org/scielo.php?script=sci_arttext&amp;pid=S1020-49892008000200014" 
"Análise do programa de vacinação de idosos de Campinas, SP/ Analysis of seniors vaccination programme in Campinas, São Paulo State, Brazil","459464","Reis, Priscilleyne Ouverney; Nozawa, Marcia Regina","Ciênc. saúde coletiva;12(5): 1353-1361, set.-out. 2007. tab","Ciênc. saúde coletiva","LILACS","article","pt","2007","Humanos; Masculino; Feminino; Idoso; Saúde do Idoso; Promoção da Saúde; Programas de Imunização; Vacinas contra Influenza; Pneumonia Pneumocócica/prevenção &amp;amp; controle; Tétano/prevenção &amp;amp; controle; Brasil","","http://www.scielo.br/scielo.php?script=sci_arttext&amp;pid=S1413-81232007000500033" 
"Tatuajes y &quot;piercing&quot;/ Tattoos and piercing","634306","Valle, L E","Rev. argent. dermatol;87(1): 16-26, ene.-mar. 2006. ilus","Rev. argent. dermatol","LILACS","article","es","2006","Humanos; Masculino; Feminino; Piercing Corporal/efeitos adversos; Tatuagem/efeitos adversos; Piercing Corporal/psicologia; Dermabrasão/métodos; Vigilância Sanitária; Tatuagem/métodos; Tatuagem/psicologia","AR","http://www.scielo.org.ar/scielo.php?script=sci_arttext&amp;pid=S1851-300X2006000100002" 
"Plan nacional de contingencia de Uruguay para una pandemia de influenza/ Uruguay national contingency plan for influenza pandemics","442686","Uruguay. Ministerio de Salud Pública","Montevideo; Uruguay. Ministerio de Salud Pública; feb. 2006. 80 p. ilus, mapas.","","LILACS","monography","es","2006","Comunicação; Surtos de Doenças; Planos e Programas de Saúde; Vacinas contra Influenza; Influenza Humana","UY","http://www.msp.gub.uy/noticia_428_1.html" 
"Comentario al artículo: ¿Es bacteriostático el jugo de arándano?/ Comments to the manuscript: Does cranberry juice have bacteriostatic activity?","632404","Ávila-Fuñes, J. Alberto","Rev. invest. clín;57(6): 822-822, Nov.-Dec. 2005.","Rev. invest. clín","LILACS","article","es","2005","Adulto; Feminino; Humanos; Antibacterianos/farmacologia; Fitoterapia; Extratos Vegetais/farmacologia; Estatísticas não Paramétricas; Vaccinium macrocarpon; Escherichia coli/efeitos dos fármacos; Escherichia coli/crescimento &amp;amp; desenvolvimento; Ensaios Clínicos Controlados Aleatórios como Assunto; Projetos de Pesquisa/estatística &amp;amp; dados numéricos","MX","http://www.scielo.org.mx/scielo.php?script=sci_arttext&amp;pid=S0034-83762005000600009" 
"La Red Latinoamericana de Información Científico-Técnica en Vacunas: una alternativa para la región/ The Latin American Network for Scientific and Technical Information on Vaccines: an alternative for the region","429266","Guzmán Sánchez, María V; Calero Ramos, Romel; Velázquez Chao, Carlos A; Martí Hernández, Alay; Alvarez Díaz, Ivet; Pimienta Ocampo, Bertha","ACIMED;13(5)sept.-oct. 2005. ilus","ACIMED","LILACS","article","es","2005","Redes de Comunicação de Computadores; Educação a Distância; Centros de Informação; Sistemas On-Line; Vacinas","CU","http://scielo.sld.cu/scielo.php?script=sci_arttext&amp;pid=S1024-94352005000500013&amp;lng=es&amp;nrm=iso&amp;tlng=es" 
"Campaña Nacional de Vacunación Contra la Rubeola. Actividades de Comunicación. Informe de Avance al 20 de Mayo de 2005/ National campaign of Vaccination Against the Rubeola. Activities of Communication. Report of Advance to the 20 of May of 2005","501318","Caballero, Carla","Asunción; Organización Panamericana de la Salud; Mayo 20,2005. 9 p. ","","LILACS","non-conventional","es","2005","Vacina contra Rubéola; Paraguai; Vacinação","PY","" 
"O papel da comunicação social em sustentação das campanhas de vacinação contra a poliomielite no Brasil, de 1980 a 1994/ The role of the social communication in support the mass immunization campaigns against the poliomyelitis in Brazil, from 1980 to 1994","427397","Magalhães, Dennis Guedes; Magalhães, Lia Conceição Mineiro de Souza","Porto Alegre; s.n; 2005. 38 p. ilus.","","LILACS","thesis","pt","2005","Brasil; Promoção da Saúde; Vacinação em Massa; Poliomielite; Comunicação Social; Vacinas contra Poliovirus","BR","" 
"Comunicaçäo social e vacinaçäo/ Social communication and vaccination","355821","Rocha, Cristina Maria Vieira da","Hist. ciênc. saúde-Manguinhos;10(supl.2): 795-806, 2003.","Hist. ciênc. saúde-Manguinhos","LILACS","article","pt","2003","Vacinação em Massa; Comunicação Social; Brasil; Educação em Saúde/tendências; Política de Saúde/história; Saúde Pública/história","BR","http://www.scielo.br/scielo.php?script=sci_arttext&amp;pid=S0104-59702003000500017&amp;lng=pt&amp;nrm=iso&amp;tlng=pt" 
"Estableciendo alianzas con los medios de comunicacion: guia del facilitador/ Establishing relations with the media: facilitators&#039;s guide","382164","Organización Panamericana de la Salud. División de Vacunas e Inmunización","Washington, D.C; Organización Panamericana de la Salud; 2002. s.p p. ","","LILACS","monography","es","2002","Programas de Imunização; Meios de Comunicação de Massa; Meios de Comunicação/normas; Comunicação Persuasiva","US","" 
"Papel de vias de comunicaçäo na eficácia da vacinaçäo contra o sarampo na cidade de Säo Paulo/ Communication channels role in measles vaccination in Säo Paulo city, Brazil","300645","Logulo, Patricia","Säo Paulo; s.n; 2001. 117 p. ilus, tab, graf.","","LILACS","thesis","pt","2001","Feminino; Humanos; Masculino; Criança; Meios de Comunicação; Educação em Saúde; Promoção da Saúde; Aceitação pelo Paciente de Cuidados de Saúde; Programas de Imunização; Programas de Imunização; Meios de Comunicação de Massa; Vacina contra Sarampo; Comunicação não Verbal; Prevenção Primária","BR","" 
"Causal link between MMR vaccination and autism: fact or fiction","333447","Christie, C. D. C","West Indian med. j;49(4): 266-267, Dec. 2000.","West Indian med. j","LILACS","article","en","2000","Humanos; Lactente; Transtorno Autístico/etiologia; Vacina contra Sarampo-Caxumba-Rubéola/efeitos adversos; Viés; Causalidade; Projetos de Pesquisa; Transtorno Autístico/epidemiologia","JM","" 
"Hidrosiringomielia no comunicante asociada a lesión desmielinizante/ Non-communicatig hydrosyringomyelia associated to demyelinative lesion","274728","Uribe, Claudia; Zurrú, Maria Cristina; Rugilo, Carlos; Gatto, Emilia Mabel","Rev. chil. neuro-psiquiatr;38(3): 201-5, jul.-sept. 2000. ilus","Rev. chil. neuro-psiquiatr","LILACS","article","es","2000","Humanos; Masculino; Adulto; Mielite Transversa/complicações; Siringomielia/etiologia; Diagnóstico Diferencial; Espectroscopia de Ressonância Magnética; Mielite Transversa/diagnóstico; Siringomielia/diagnóstico","CL","" 
"O agir comunicativo na sala de vacinas: saberes e fazeres necessários à prática de enfermagem/ Communicative acting in the immunization room: knowledge and skills necessary to the nursing practice","469238","Larocca, Liliana Muller; Carraro, Telma Elisa","Texto &amp; contexto enferm;9(2,pt.2): 812-823, maio-ago. 2000.","Texto &amp; contexto enferm","LILACS","article","pt","2000","Humanos; Comunicação em Saúde; Enfermagem Prática; Vacinas","BR","" 
"O agir comunicativo na sala de vacinas: saberes e fazeres necessários à prática de enfermagem/ The communication in the vaccination room: knowledge and skills necessary to the nursing practice","281001","Larocca, Liliana Muller","Curitiba; s.n; 2000. x,110 p.  (BR).","","LILACS","thesis","pt","2000","Relações Interpessoais; Métodos; Enfermagem; Varíola; Vacina Antivariólica; Comunicação Social; Vacinas; História","BR","" 
"Estudio formativo para el desarrollo de estrategia de comunicación para fomentar la vacunación sistemática en Nicaragua/ Formative study for the development of communication strategy to encourage the systematical vaccination in Nicaragua","399220","Toruño T., Arnoldo; Almendarez C., Tania; Castro G., Nestor","Managua; UNAN;LEON; feb-jun. 1998. 77 p. ","","LILACS","monography","es","1998","Conhecimentos, Atitudes e Prática em Saúde; Estratégias Nacionais; Vacinas; Nicarágua","NI","" 
"Biennial Report, 1996-1997","239323","Säo Paulo (Estado). Secretaria da Saúde","Mem. Inst. Butantan;57: 1-132, 1998. tab, graf","Mem. Inst. Butantan","LILACS","article","en","1998","Animais; Animais Venenosos; Projetos de Pesquisa/normas; Desenvolvimento Tecnológico/normas; Genética; Imunogenética; Farmacologia Clínica; Vacinas","BR","" 
"SPf66 vaccine trial in Brazil: conceptual framework study design and analytical approach","180181","Urdaneta, M; Prata, A; Struchiner, C. J; Tosta, C. E; Tauil, P; Boulos, M","Rev. Soc. Bras. Med. Trop;29(3): 259-69, maio-jun. 1996. tab","Rev. Soc. Bras. Med. Trop","LILACS","article","en","1996","Humanos; Masculino; Feminino; Animais; Adulto; Adolescente; Criança; Pessoa de Meia-Idade; Plasmodium falciparum/imunologia; Proteínas de Protozoários/imunologia; Vacinas Antimaláricas/imunologia; Vacinas Sintéticas/imunologia; Brasil/epidemiologia; Ensaios Clínicos Fase III como Assunto; Reservatórios de Doenças; Malária Falciparum/mortalidade; Malária Falciparum/prevenção &amp;amp; controle; População Rural/estatística &amp;amp; dados numéricos; Reprodutibilidade dos Testes; Projetos de Pesquisa; Sobreviventes","BR","" 
"Biennial Report, 1994-1995","239324","Säo Paulo (Estado). Secretaria da Saúde","Mem. Inst. Butantan;56: 1-132, 1996.","Mem. Inst. Butantan","LILACS","article","en","1996","Animais; Animais Venenosos; Projetos de Pesquisa/normas; Imunogenética; Técnicas Imunológicas; Desenvolvimento Tecnológico; Vacinas","BR","" 
"Dos proyectos de investigación para mejorar las practicas de inmunizacion/ Program for appropiate technology in health","370420","Organización Panamericana de la Salud","Bol. Oficina Sanit. Panam;113(1): 86-87, 1992.","Bol. Oficina Sanit. Panam","LILACS","article","es","1992","Esquemas de Imunização; Projetos de Pesquisa; Bolívia; Cuba","US","" 
"Percepção da população sobre vacinação em Porto Alegre: projeto/ The population&#039;s perception of vaccination in Porto Alegre: project","408156","Scheffel, Claudia Maria; Fukuoka, Eliza; Dal Bosco, Jeanice A; Ranquetat, Marta Graff; Glasenapp, Rosane; guindani, Sara Renata","Porto Alegre; s.n; 1990. [paginação irregular] p. ","","LILACS","thesis","pt","1990","Doenças Transmissíveis; Vacinação em Massa; População; Projetos de Pesquisa; Vacinas","BR","" 
"Manual de treinamento de coordenadores e líderes comunitários: coordenadores diocesanos e paroquiais/ Training manual to coordinators and community leaders: dioceses and parochial coordinators","79752","Conferência Nacional dos Bispos do Brasil. Pastoral da Criança","Brasília; s.n; 2 ed; 1987. 56 p. ilus.","","LILACS","monography","pt","1987","Humanos; Aleitamento Materno; Centros Comunitários de Saúde; Participação da Comunidade; Relações Interpessoais; Vacinação","BR","" 
